{
  "label": "joy",
  "scores": {
    "admiration": 0.009188242256641388,
    "amusement": 0.0057556405663490295,
    "anger": 0.0011531135533005,
    "annoyance": 0.0020546698942780495,
    "approval": 0.00895591452717781,
    "caring": 0.009559236466884613,
    "confusion": 0.0007298400742001832,
    "curiosity": 0.0021547083742916584,
    "desire": 0.003242213511839509,
    "disappointment": 0.0018500214209780097,
    "disapproval": 0.0013906232779845595,
    "disgust": 0.0011507872259244323,
    "embarrassment": 0.001061652903445065,
    "excitement": 0.023248964920639992,
    "fear": 0.0009784010471776128,
    "gratitude": 0.014582429081201553,
    "grief": 0.0013323159655556083,
    "joy": 0.8648731708526611,
    "love": 0.00655568391084671,
    "nervousness": 0.0014160615392029285,
    "optimism": 0.010397180914878845,
    "pride": 0.002348819514736533,
    "realization": 0.002029562136158347,
    "relief": 0.00740960193797946,
    "remorse": 0.0012951352400705218,
    "sadness": 0.003397060791030526,
    "surprise": 0.0015404493315145373,
    "neutral": 0.01034857053309679
  },
  "confidence": 0.8648731708526611,
  "inference_time_ms": 7.11
}